ride_id,driver_id,customer_id,ride_date,city,ride_type,distance_km,fare_amount,payment_method,ride_status
8001,256,1378,2024-01-18,Pune,SUV,14.2,661,Card,Completed
8002,204,1161,2024-10-12,Hyderabad,SUV,29.3,106,Card,Completed
8003,248,1490,2024-01-04,Delhi,Sedan,28.6,609,Cash,Completed
8004,312,1135,2024-11-20,Bangalore,SUV,7.6,195,Card,Cancelled
8005,320,1398,2024-09-20,Hyderabad,Sedan,18.0,787,UPI,Cancelled
8006,363,1438,2024-05-11,Hyderabad,Mini,23.0,1116,Card,Completed
8007,388,1061,2024-07-22,Bangalore,SUV,15.0,913,Cash,Completed
8008,298,1235,2024-11-12,Pune,Mini,6.3,1180,UPI,Cancelled
8009,272,1077,2024-02-13,Mumbai,Mini,26.5,1435,UPI,Completed
8010,310,1183,2024-12-02,Pune,Sedan,15.1,544,Card,Cancelled
8011,391,1448,2024-03-13,Delhi,Sedan,29.5,1067,UPI,Cancelled
8012,372,1397,2024-07-14,Hyderabad,Sedan,14.7,177,UPI,Cancelled
8013,261,1423,2024-05-17,Bangalore,Sedan,9.0,304,UPI,Completed
8014,322,1108,2024-11-05,Bangalore,Sedan,17.1,541,Card,Cancelled
8015,248,1201,2024-12-24,Mumbai,Sedan,7.6,511,Cash,Cancelled
8016,300,1144,2024-01-06,Hyderabad,Sedan,2.0,1354,UPI,Cancelled
8017,284,1333,2024-09-12,Bangalore,SUV,8.3,507,Card,Cancelled
8018,259,1432,2024-08-28,Hyderabad,Mini,5.9,1447,UPI,Cancelled
8019,348,1119,2024-11-18,Hyderabad,SUV,12.9,557,UPI,Cancelled
8020,319,1469,2024-09-22,Mumbai,Mini,11.5,1049,UPI,Cancelled
8021,384,1163,2024-11-22,Delhi,Sedan,14.4,1489,Card,Cancelled
8022,369,1446,2024-11-21,Mumbai,SUV,2.6,1354,Cash,Cancelled
8023,333,1030,2024-01-06,Pune,Sedan,9.7,260,UPI,Completed
8024,218,1011,2024-10-29,Delhi,Mini,29.8,961,Cash,Cancelled
8025,398,1233,2024-06-28,Bangalore,SUV,6.5,1061,Card,Completed
8026,250,1298,2024-02-21,Delhi,Mini,5.7,504,Card,Cancelled
8027,384,1255,2024-11-02,Mumbai,Sedan,18.5,435,Cash,Cancelled
8028,248,1370,2024-12-16,Delhi,Mini,20.7,537,UPI,Cancelled
8029,253,1145,2024-04-11,Delhi,Sedan,15.8,804,UPI,Completed
8030,205,1448,2024-11-08,Bangalore,Sedan,4.4,548,UPI,Completed
8031,280,1418,2024-12-12,Hyderabad,SUV,8.1,829,Card,Cancelled
8032,235,1413,2024-03-03,Delhi,Sedan,27.7,1017,UPI,Completed
8033,312,1070,2024-03-12,Delhi,Sedan,18.7,1131,UPI,Completed
8034,361,1175,2024-08-27,Bangalore,Mini,19.7,480,Cash,Completed
8035,212,1342,2024-07-25,Hyderabad,Mini,15.3,1473,UPI,Completed
8036,282,1369,2024-01-11,Bangalore,SUV,11.5,1117,UPI,Cancelled
8037,215,1141,2024-11-15,Hyderabad,Sedan,26.6,1463,Card,Cancelled
8038,334,1128,2024-04-03,Bangalore,SUV,23.2,423,Cash,Completed
8039,290,1128,2024-05-28,Bangalore,Sedan,23.6,140,Card,Completed
8040,228,1078,2024-12-05,Hyderabad,Sedan,2.3,1399,Card,Cancelled
8041,337,1485,2024-11-25,Delhi,Sedan,1.2,1322,Cash,Completed
8042,309,1358,2024-02-18,Hyderabad,Sedan,28.0,416,Card,Cancelled
8043,328,1086,2024-06-15,Pune,Sedan,11.6,1156,Card,Cancelled
8044,333,1263,2024-09-12,Pune,Sedan,24.5,564,UPI,Cancelled
8045,269,1329,2024-05-21,Pune,Sedan,9.4,607,UPI,Completed
8046,385,1223,2024-11-20,Hyderabad,Sedan,3.8,815,Card,Completed
8047,318,1068,2024-04-15,Pune,SUV,1.4,820,UPI,Cancelled
8048,332,1445,2024-10-22,Delhi,Mini,15.9,138,UPI,Completed
8049,276,1162,2024-07-12,Hyderabad,Mini,10.3,1182,Cash,Completed
8050,230,1158,2024-07-24,Bangalore,Sedan,6.4,235,Card,Completed
8051,230,1346,2024-05-06,Mumbai,Sedan,16.9,1476,Card,Cancelled
8052,353,1116,2024-07-31,Bangalore,Mini,10.7,639,Cash,Completed
8053,360,1338,2024-04-06,Bangalore,Mini,10.3,313,Card,Cancelled
8054,322,1170,2024-02-01,Pune,Sedan,19.7,312,Cash,Completed
8055,360,1125,2024-05-23,Delhi,Mini,20.8,1120,UPI,Cancelled
8056,312,1221,2024-11-26,Bangalore,SUV,22.9,1000,Card,Cancelled
8057,263,1296,2024-07-09,Bangalore,SUV,7.8,1119,Cash,Cancelled
8058,353,1369,2024-12-10,Hyderabad,SUV,2.5,768,Cash,Cancelled
8059,381,1394,2024-07-26,Pune,Mini,20.8,1487,Cash,Completed
8060,266,1148,2024-03-19,Bangalore,SUV,11.4,843,Cash,Completed
8061,321,1147,2024-02-29,Pune,Sedan,4.4,994,Card,Cancelled
8062,271,1190,2024-02-10,Bangalore,Sedan,2.4,673,UPI,Completed
8063,233,1271,2024-04-08,Delhi,Sedan,16.7,201,Card,Cancelled
8064,208,1257,2024-11-05,Mumbai,Sedan,17.2,600,UPI,Cancelled
8065,258,1176,2024-01-09,Delhi,Mini,21.9,1337,UPI,Completed
8066,378,1161,2024-06-19,Pune,Sedan,21.3,881,Card,Completed
8067,303,1087,2024-03-23,Mumbai,Mini,12.8,204,Cash,Cancelled
8068,224,1462,2024-05-25,Bangalore,SUV,10.1,713,UPI,Cancelled
8069,225,1204,2024-08-29,Bangalore,Mini,8.8,704,Cash,Cancelled
8070,326,1210,2024-01-24,Delhi,Sedan,26.9,1332,Cash,Completed
8071,307,1445,2024-09-14,Bangalore,Sedan,29.0,272,Cash,Completed
8072,264,1317,2024-06-24,Delhi,SUV,5.2,583,UPI,Cancelled
8073,353,1405,2024-07-29,Delhi,Mini,28.6,1497,UPI,Cancelled
8074,247,1490,2024-02-09,Delhi,Mini,15.4,428,Cash,Cancelled
8075,367,1162,2024-02-28,Mumbai,SUV,9.7,441,Cash,Cancelled
8076,205,1462,2024-06-17,Pune,Sedan,10.2,1276,UPI,Cancelled
8077,371,1431,2024-12-03,Hyderabad,Sedan,20.8,193,Cash,Cancelled
8078,218,1293,2024-11-28,Hyderabad,Mini,29.7,948,Cash,Cancelled
8079,239,1489,2024-11-29,Pune,Mini,28.9,571,Card,Completed
8080,296,1100,2024-08-28,Hyderabad,SUV,28.0,412,Cash,Cancelled
8081,332,1194,2024-04-14,Mumbai,Sedan,7.6,1279,Cash,Cancelled
8082,362,1204,2024-10-22,Delhi,Sedan,5.9,1050,Card,Cancelled
8083,250,1039,2024-09-10,Pune,Sedan,3.3,212,Card,Completed
8084,296,1479,2024-12-30,Hyderabad,Sedan,4.0,842,UPI,Completed
8085,257,1063,2024-05-20,Hyderabad,Sedan,10.4,145,Card,Completed
8086,313,1297,2024-11-23,Bangalore,Sedan,4.0,1365,UPI,Cancelled
8087,344,1123,2024-09-16,Delhi,SUV,1.9,1419,Cash,Cancelled
8088,201,1430,2024-01-09,Bangalore,Sedan,3.2,1056,Cash,Cancelled
8089,251,1476,2024-08-21,Delhi,SUV,24.4,1218,Card,Completed
8090,201,1207,2024-04-02,Hyderabad,Mini,2.1,934,UPI,Cancelled
8091,227,1322,2024-08-15,Delhi,Sedan,15.4,414,Cash,Cancelled
8092,361,1435,2024-11-18,Bangalore,SUV,10.5,1183,Cash,Cancelled
8093,232,1428,2024-11-13,Bangalore,Mini,7.8,739,UPI,Completed
8094,231,1097,2024-03-19,Pune,Mini,21.8,927,Cash,Completed
8095,394,1280,2024-02-17,Bangalore,Sedan,9.1,301,Card,Completed
8096,286,1226,2024-08-16,Delhi,SUV,6.4,1409,Card,Completed
8097,274,1078,2024-11-14,Mumbai,Mini,21.3,640,UPI,Cancelled
8098,289,1284,2024-10-04,Pune,Sedan,25.3,1043,UPI,Cancelled
8099,281,1226,2024-03-23,Mumbai,Sedan,2.8,267,Card,Cancelled
8100,267,1240,2024-10-03,Pune,SUV,3.3,168,Card,Cancelled
8101,201,1237,2024-07-02,Bangalore,Mini,25.2,1087,Card,Completed
8102,265,1068,2024-10-12,Hyderabad,Sedan,28.5,1372,Cash,Completed
8103,361,1301,2024-01-19,Hyderabad,SUV,29.3,359,Card,Cancelled
8104,249,1362,2024-10-31,Hyderabad,Sedan,8.1,1115,Card,Cancelled
8105,233,1290,2024-08-11,Bangalore,SUV,20.6,954,UPI,Completed
8106,211,1153,2024-10-09,Bangalore,SUV,4.6,1117,Card,Cancelled
8107,211,1133,2024-08-21,Bangalore,Sedan,28.6,630,UPI,Cancelled
8108,383,1055,2024-04-27,Delhi,Sedan,5.0,395,Cash,Completed
8109,364,1013,2024-02-23,Delhi,Mini,27.9,1236,UPI,Completed
8110,325,1466,2024-08-01,Hyderabad,SUV,6.0,1061,Card,Cancelled
8111,281,1241,2024-03-22,Mumbai,Mini,10.7,732,Card,Completed
8112,229,1313,2024-12-15,Pune,Sedan,3.2,887,UPI,Completed
8113,307,1222,2024-04-24,Bangalore,Mini,3.4,1498,Card,Cancelled
8114,324,1366,2024-11-05,Delhi,Sedan,24.8,1173,Card,Cancelled
8115,203,1463,2024-06-26,Mumbai,Mini,26.0,945,Card,Cancelled
8116,294,1113,2024-10-19,Bangalore,SUV,15.5,1396,Cash,Completed
8117,238,1473,2024-10-18,Hyderabad,SUV,3.3,522,UPI,Completed
8118,374,1083,2024-07-12,Hyderabad,Sedan,29.8,978,Card,Completed
8119,292,1333,2024-06-16,Delhi,Mini,22.9,1489,Cash,Completed
8120,352,1072,2024-01-19,Bangalore,Mini,24.4,570,Cash,Cancelled
8121,393,1365,2024-06-28,Mumbai,SUV,15.8,1408,UPI,Completed
8122,241,1013,2024-03-12,Hyderabad,Sedan,17.5,1461,Cash,Completed
8123,201,1263,2024-02-26,Delhi,Mini,4.6,1345,UPI,Completed
8124,280,1294,2024-01-10,Mumbai,Sedan,17.3,1339,UPI,Cancelled
8125,389,1179,2024-01-05,Delhi,Sedan,17.4,620,Card,Completed
8126,225,1017,2024-03-12,Mumbai,Mini,27.3,287,Card,Cancelled
8127,320,1437,2024-07-04,Mumbai,Sedan,28.7,134,Card,Cancelled
8128,363,1243,2024-10-07,Mumbai,Sedan,10.2,1304,Card,Completed
8129,210,1360,2024-08-28,Delhi,Mini,10.0,1221,Cash,Completed
8130,273,1366,2024-01-31,Pune,SUV,8.1,576,Card,Cancelled
8131,268,1106,2024-04-29,Mumbai,Mini,18.6,761,UPI,Completed
8132,228,1150,2024-12-18,Pune,Mini,11.0,185,UPI,Cancelled
8133,344,1316,2024-11-18,Hyderabad,Mini,6.3,1341,Cash,Completed
8134,234,1330,2024-09-02,Hyderabad,Sedan,8.1,406,UPI,Completed
8135,241,1322,2024-07-12,Pune,Mini,18.7,951,Card,Completed
8136,200,1069,2024-02-27,Bangalore,Sedan,1.8,810,UPI,Cancelled
8137,384,1197,2024-07-01,Delhi,SUV,18.4,519,Card,Cancelled
8138,358,1067,2024-01-02,Hyderabad,Sedan,28.4,205,Card,Cancelled
8139,201,1264,2024-09-02,Delhi,SUV,29.6,1025,Card,Cancelled
8140,278,1464,2024-09-21,Mumbai,Mini,16.3,534,Cash,Cancelled
8141,393,1193,2024-03-11,Hyderabad,SUV,18.8,1245,Cash,Completed
8142,236,1241,2024-01-30,Bangalore,SUV,1.5,1207,Card,Completed
8143,318,1131,2024-03-12,Pune,Mini,3.6,177,UPI,Completed
8144,320,1088,2024-01-19,Pune,Sedan,22.5,788,Card,Cancelled
8145,389,1362,2024-10-27,Delhi,Mini,12.2,105,UPI,Completed
8146,381,1447,2024-02-19,Delhi,SUV,11.0,237,UPI,Cancelled
8147,328,1054,2024-10-01,Pune,Mini,6.9,287,Card,Cancelled
8148,203,1260,2024-01-16,Delhi,Sedan,19.9,1009,Card,Completed
8149,207,1066,2024-04-24,Pune,Sedan,23.9,1202,Card,Cancelled
8150,360,1183,2024-10-19,Delhi,Mini,7.1,974,Card,Cancelled
8151,288,1063,2024-01-18,Delhi,Sedan,21.8,1296,UPI,Completed
8152,381,1331,2024-12-07,Delhi,Sedan,27.4,1494,Card,Completed
8153,299,1019,2024-11-12,Delhi,SUV,29.0,1249,UPI,Completed
8154,294,1422,2024-10-07,Mumbai,Sedan,1.9,542,Card,Completed
8155,308,1267,2024-09-21,Pune,Sedan,27.2,198,Cash,Completed
8156,210,1180,2024-02-01,Delhi,SUV,1.3,650,UPI,Cancelled
8157,351,1357,2024-01-05,Pune,SUV,11.3,1218,UPI,Completed
8158,243,1022,2024-08-22,Pune,SUV,17.6,239,UPI,Cancelled
8159,367,1483,2024-08-13,Hyderabad,SUV,9.0,347,UPI,Cancelled
8160,294,1102,2024-03-14,Hyderabad,Sedan,5.7,1442,Card,Completed
8161,301,1291,2024-05-15,Pune,SUV,2.1,1081,Cash,Completed
8162,340,1377,2024-06-08,Pune,Mini,25.6,932,Cash,Cancelled
8163,235,1159,2024-04-23,Hyderabad,Mini,9.7,625,UPI,Cancelled
8164,290,1074,2024-11-28,Mumbai,Mini,26.4,1181,UPI,Cancelled
8165,231,1357,2024-09-08,Bangalore,SUV,7.3,1406,Card,Completed
8166,248,1085,2024-10-15,Pune,Sedan,3.4,737,UPI,Completed
8167,346,1190,2024-05-09,Bangalore,Sedan,8.9,1250,UPI,Cancelled
8168,314,1499,2024-06-23,Bangalore,Sedan,11.8,470,UPI,Completed
8169,214,1412,2024-06-02,Hyderabad,SUV,23.8,1030,Card,Completed
8170,318,1417,2024-05-19,Delhi,Mini,17.8,342,UPI,Cancelled
8171,331,1270,2024-02-29,Pune,SUV,19.9,700,Card,Completed
8172,354,1145,2024-06-29,Hyderabad,SUV,23.4,1461,UPI,Cancelled
8173,372,1480,2024-06-03,Mumbai,SUV,2.5,272,Card,Cancelled
8174,301,1301,2024-04-06,Hyderabad,SUV,11.8,214,Cash,Cancelled
8175,212,1001,2024-05-16,Delhi,Mini,11.7,1499,Cash,Cancelled
8176,265,1012,2024-09-09,Delhi,SUV,9.9,421,UPI,Completed
8177,269,1155,2024-12-30,Bangalore,Mini,7.8,355,Card,Cancelled
8178,254,1373,2024-10-18,Hyderabad,Mini,17.4,1332,Card,Cancelled
8179,249,1473,2024-10-16,Hyderabad,SUV,13.9,1445,Card,Cancelled
8180,300,1496,2024-05-07,Hyderabad,Mini,18.7,851,UPI,Completed
8181,203,1273,2024-05-14,Bangalore,SUV,13.3,1063,UPI,Cancelled
8182,222,1005,2024-07-03,Pune,Sedan,16.9,1403,Cash,Completed
8183,333,1402,2024-08-02,Pune,Mini,19.0,132,Card,Cancelled
8184,339,1433,2024-10-12,Bangalore,Sedan,2.4,550,Cash,Completed
8185,347,1109,2024-10-17,Hyderabad,Sedan,19.6,717,Card,Completed
8186,298,1327,2024-01-04,Mumbai,SUV,20.3,368,UPI,Completed
8187,367,1144,2024-12-22,Bangalore,Mini,19.3,1334,Card,Completed
8188,339,1353,2024-07-05,Delhi,SUV,18.2,1433,Cash,Completed
8189,200,1247,2024-10-20,Bangalore,Sedan,18.1,1336,UPI,Completed
8190,397,1270,2024-02-25,Pune,Sedan,25.2,756,Cash,Cancelled
8191,300,1385,2024-05-10,Mumbai,SUV,22.0,352,UPI,Cancelled
8192,243,1115,2024-11-02,Bangalore,Mini,7.0,926,Cash,Cancelled
8193,393,1376,2024-04-21,Pune,SUV,7.8,573,UPI,Completed
8194,285,1196,2024-05-07,Hyderabad,SUV,28.2,1279,UPI,Cancelled
8195,213,1204,2024-06-06,Mumbai,SUV,7.5,249,Cash,Completed
8196,279,1126,2024-09-13,Pune,SUV,16.7,127,UPI,Cancelled
8197,242,1002,2024-11-01,Bangalore,SUV,8.7,1102,Cash,Completed
8198,351,1161,2024-06-10,Hyderabad,Sedan,15.4,104,Cash,Completed
8199,202,1253,2024-03-24,Bangalore,Sedan,12.1,1262,Card,Completed
8200,320,1213,2024-06-15,Delhi,SUV,17.9,1354,Cash,Cancelled
8201,275,1105,2024-11-21,Delhi,Sedan,29.1,498,UPI,Completed
8202,228,1449,2024-07-07,Delhi,Sedan,5.4,706,Card,Cancelled
8203,377,1199,2024-02-25,Bangalore,Mini,22.2,257,Card,Completed
8204,283,1031,2024-11-10,Pune,SUV,21.6,884,UPI,Completed
8205,309,1068,2024-10-17,Delhi,SUV,2.5,354,UPI,Cancelled
8206,287,1276,2024-09-03,Hyderabad,SUV,18.8,995,Card,Completed
8207,314,1080,2024-03-16,Pune,Mini,14.2,851,Cash,Cancelled
8208,280,1150,2024-07-21,Bangalore,SUV,29.4,1064,Card,Completed
8209,323,1057,2024-10-13,Mumbai,Mini,3.1,1121,UPI,Completed
8210,278,1400,2024-11-03,Hyderabad,Mini,13.6,394,Card,Cancelled
8211,207,1096,2024-05-20,Pune,SUV,7.2,854,UPI,Completed
8212,311,1123,2024-09-08,Mumbai,SUV,26.2,630,Card,Cancelled
8213,373,1452,2024-05-11,Mumbai,SUV,9.6,1369,UPI,Completed
8214,338,1346,2024-02-22,Hyderabad,SUV,5.9,1266,Cash,Completed
8215,303,1050,2024-12-17,Bangalore,Mini,7.3,707,Card,Completed
8216,231,1415,2024-06-27,Mumbai,SUV,8.8,574,UPI,Cancelled
8217,316,1455,2024-05-07,Hyderabad,Sedan,17.1,1462,UPI,Cancelled
8218,350,1209,2024-03-18,Delhi,SUV,16.3,815,Cash,Completed
8219,392,1441,2024-05-23,Delhi,SUV,19.8,448,Cash,Cancelled
8220,217,1126,2024-08-03,Delhi,SUV,27.7,1405,Cash,Completed
8221,201,1234,2024-08-27,Pune,SUV,28.0,1278,UPI,Completed
8222,397,1306,2024-09-10,Pune,Mini,14.2,933,Card,Completed
8223,254,1214,2024-01-21,Pune,Mini,6.8,303,Card,Cancelled
8224,221,1014,2024-01-07,Bangalore,SUV,13.9,217,Cash,Completed
8225,274,1074,2024-11-13,Pune,SUV,2.3,412,Cash,Cancelled
8226,305,1345,2024-02-25,Delhi,Sedan,25.1,171,UPI,Cancelled
8227,339,1281,2024-04-04,Mumbai,SUV,22.7,651,Cash,Completed
8228,215,1017,2024-06-03,Mumbai,SUV,16.5,867,Cash,Cancelled
8229,317,1231,2024-10-25,Delhi,SUV,11.5,747,Cash,Cancelled
8230,239,1148,2024-05-16,Hyderabad,Sedan,7.8,941,Card,Completed
8231,273,1259,2024-01-15,Pune,SUV,13.7,1013,Card,Completed
8232,321,1478,2024-04-25,Hyderabad,SUV,16.9,607,UPI,Cancelled
8233,232,1111,2024-01-23,Hyderabad,Sedan,27.9,719,UPI,Cancelled
8234,346,1499,2024-04-16,Mumbai,SUV,24.4,762,Card,Completed
8235,395,1334,2024-08-17,Hyderabad,SUV,1.5,912,Card,Completed
8236,395,1340,2024-12-13,Delhi,Mini,20.1,1145,Card,Completed
8237,262,1348,2024-06-30,Hyderabad,Mini,5.4,247,UPI,Cancelled
8238,225,1319,2024-01-17,Hyderabad,SUV,11.6,405,UPI,Cancelled
8239,254,1014,2024-09-29,Bangalore,Sedan,16.2,1315,Card,Cancelled
8240,256,1221,2024-11-06,Mumbai,Mini,6.4,168,UPI,Cancelled
8241,374,1428,2024-09-23,Delhi,Sedan,21.0,446,UPI,Cancelled
8242,301,1142,2024-07-29,Bangalore,SUV,16.4,228,Cash,Completed
8243,354,1153,2024-06-04,Pune,SUV,29.3,1088,Cash,Completed
8244,394,1286,2024-07-15,Hyderabad,Mini,22.7,482,Card,Cancelled
8245,329,1058,2024-10-18,Bangalore,Mini,17.0,1420,UPI,Cancelled
8246,288,1215,2024-11-24,Mumbai,Mini,2.4,463,Cash,Completed
8247,285,1303,2024-10-04,Bangalore,SUV,10.5,432,Cash,Completed
8248,358,1121,2024-08-21,Hyderabad,SUV,20.0,214,Cash,Cancelled
8249,275,1341,2024-10-04,Delhi,Sedan,7.2,456,UPI,Completed
8250,254,1343,2024-06-23,Pune,SUV,15.7,433,Cash,Cancelled
8251,311,1420,2024-08-21,Hyderabad,SUV,28.1,1250,Card,Completed
8252,318,1394,2024-04-10,Pune,Sedan,17.3,526,Card,Completed
8253,366,1491,2024-02-29,Mumbai,Sedan,11.5,1345,UPI,Cancelled
8254,233,1229,2024-06-08,Delhi,Mini,3.1,1295,Cash,Cancelled
8255,275,1007,2024-11-28,Mumbai,Sedan,14.6,465,Card,Cancelled
8256,333,1202,2024-09-01,Pune,SUV,15.3,950,Cash,Cancelled
8257,329,1014,2024-10-26,Mumbai,Sedan,2.0,1337,Cash,Completed
8258,384,1321,2024-03-15,Mumbai,Mini,28.5,187,Cash,Cancelled
8259,309,1289,2024-12-25,Bangalore,Mini,16.1,1368,Cash,Cancelled
8260,271,1117,2024-04-18,Hyderabad,SUV,10.0,469,UPI,Completed
8261,348,1239,2024-05-19,Mumbai,Sedan,27.2,1095,Card,Cancelled
8262,203,1435,2024-01-25,Pune,Mini,22.5,294,UPI,Cancelled
8263,384,1185,2024-03-21,Bangalore,Mini,16.9,119,Card,Completed
8264,368,1435,2024-07-30,Bangalore,Mini,6.8,1187,Card,Completed
8265,392,1412,2024-05-09,Bangalore,Sedan,14.6,1020,Card,Completed
8266,365,1187,2024-01-05,Hyderabad,Mini,25.6,1039,UPI,Completed
8267,324,1077,2024-09-14,Mumbai,SUV,2.9,424,Cash,Completed
8268,324,1195,2024-08-23,Hyderabad,Mini,13.5,673,Card,Cancelled
8269,254,1215,2024-10-23,Hyderabad,SUV,18.5,739,Cash,Completed
8270,260,1167,2024-10-18,Hyderabad,SUV,11.9,851,Cash,Completed
8271,331,1212,2024-08-17,Bangalore,Mini,12.3,465,UPI,Cancelled
8272,321,1150,2024-08-25,Bangalore,SUV,21.7,983,UPI,Cancelled
8273,356,1227,2024-09-24,Bangalore,Mini,15.9,1009,UPI,Completed
8274,273,1157,2024-08-10,Pune,Mini,21.1,782,Card,Completed
8275,375,1476,2024-12-24,Hyderabad,Sedan,26.8,664,Cash,Completed
8276,345,1316,2024-07-11,Hyderabad,SUV,19.8,718,Cash,Completed
8277,372,1168,2024-06-06,Delhi,Mini,1.7,980,Cash,Completed
8278,398,1006,2024-02-07,Delhi,Sedan,18.5,117,Card,Completed
8279,201,1076,2024-08-03,Mumbai,Sedan,15.0,1456,UPI,Completed
8280,249,1096,2024-02-10,Delhi,Mini,15.9,216,UPI,Cancelled
8281,230,1311,2024-05-03,Bangalore,Mini,26.6,133,Card,Cancelled
8282,238,1353,2024-01-18,Delhi,SUV,2.1,1443,Cash,Completed
8283,283,1051,2024-06-20,Pune,Mini,21.0,843,Card,Completed
8284,246,1070,2024-10-03,Hyderabad,Sedan,5.0,595,Card,Cancelled
8285,286,1091,2024-07-21,Mumbai,Mini,7.8,101,Cash,Completed
8286,297,1266,2024-03-30,Bangalore,SUV,28.1,1235,UPI,Completed
8287,249,1057,2024-10-19,Mumbai,Sedan,6.3,1266,UPI,Cancelled
8288,350,1166,2024-07-07,Delhi,Sedan,9.8,891,Card,Cancelled
8289,276,1121,2024-06-18,Mumbai,SUV,25.1,1264,UPI,Completed
8290,302,1177,2024-02-25,Bangalore,SUV,27.8,804,UPI,Cancelled
8291,253,1255,2024-07-31,Pune,SUV,11.6,538,Card,Completed
8292,399,1009,2024-07-21,Hyderabad,Mini,14.6,1366,UPI,Cancelled
8293,244,1142,2024-09-08,Delhi,Mini,18.5,1389,Card,Cancelled
8294,218,1457,2024-08-09,Mumbai,Sedan,16.9,1093,Card,Completed
8295,260,1384,2024-02-02,Bangalore,Mini,6.2,751,Card,Completed
8296,385,1377,2024-05-11,Delhi,Mini,23.4,1059,UPI,Completed
8297,229,1287,2024-01-15,Bangalore,Mini,8.5,830,UPI,Completed
8298,295,1244,2024-09-08,Delhi,Sedan,1.4,1166,Cash,Cancelled
8299,354,1438,2024-11-02,Pune,Mini,24.0,1039,UPI,Cancelled
8300,221,1120,2024-12-23,Hyderabad,Mini,25.0,1254,UPI,Cancelled
8301,258,1179,2024-09-26,Pune,Sedan,18.1,596,Cash,Cancelled
8302,351,1056,2024-02-03,Bangalore,SUV,6.2,1417,Card,Completed
8303,253,1222,2024-10-01,Pune,Mini,10.1,1241,Cash,Cancelled
8304,234,1239,2024-08-20,Delhi,Mini,4.5,1220,UPI,Cancelled
8305,219,1239,2024-09-08,Hyderabad,SUV,2.9,697,Cash,Cancelled
8306,276,1215,2024-09-21,Bangalore,Mini,1.3,525,Card,Completed
8307,397,1378,2024-04-04,Bangalore,SUV,30.0,1166,Cash,Completed
8308,287,1003,2024-12-27,Pune,SUV,26.9,877,UPI,Completed
8309,333,1079,2024-07-30,Mumbai,Mini,23.9,1224,Card,Completed
8310,361,1447,2024-05-16,Hyderabad,Sedan,1.5,843,UPI,Cancelled
8311,232,1000,2024-03-10,Pune,Mini,21.7,1219,Cash,Cancelled
8312,318,1016,2024-09-03,Delhi,Sedan,25.3,1401,Card,Completed
8313,343,1098,2024-08-26,Bangalore,Mini,25.0,137,Cash,Cancelled
8314,249,1178,2024-07-17,Pune,Mini,15.1,1387,Card,Completed
8315,298,1467,2024-05-27,Delhi,Sedan,18.8,1302,UPI,Completed
8316,382,1007,2024-11-23,Pune,Mini,13.2,1387,Card,Completed
8317,308,1138,2024-01-31,Hyderabad,Sedan,28.7,1277,UPI,Cancelled
8318,355,1263,2024-06-28,Mumbai,SUV,26.6,772,UPI,Cancelled
8319,315,1208,2024-06-09,Pune,Sedan,23.5,1408,Cash,Completed
8320,322,1395,2024-06-27,Bangalore,Mini,5.7,1015,Card,Completed
8321,363,1298,2024-05-09,Pune,SUV,6.9,1109,Cash,Completed
8322,293,1263,2024-06-05,Delhi,SUV,15.0,779,Cash,Cancelled
8323,363,1259,2024-12-21,Mumbai,Sedan,24.9,436,Card,Cancelled
8324,332,1042,2024-01-26,Pune,Sedan,11.3,1075,UPI,Completed
8325,338,1259,2024-11-04,Hyderabad,SUV,13.7,367,Cash,Completed
8326,352,1494,2024-08-11,Bangalore,SUV,11.6,928,Cash,Completed
8327,224,1005,2024-03-22,Pune,Sedan,13.8,1243,Card,Completed
8328,263,1210,2024-09-06,Pune,Mini,14.3,215,Card,Completed
8329,256,1390,2024-09-05,Bangalore,Mini,28.2,176,UPI,Cancelled
8330,277,1364,2024-09-27,Hyderabad,Sedan,29.1,1374,UPI,Completed
8331,330,1100,2024-04-18,Mumbai,Mini,23.3,1084,Cash,Cancelled
8332,206,1410,2024-11-24,Pune,Sedan,14.3,602,UPI,Cancelled
8333,321,1389,2024-09-02,Hyderabad,Mini,26.1,1058,Card,Cancelled
8334,305,1084,2024-10-14,Mumbai,Sedan,17.9,885,Cash,Cancelled
8335,381,1090,2024-05-31,Bangalore,SUV,27.7,1263,UPI,Cancelled
8336,288,1399,2024-05-19,Pune,SUV,5.1,1213,Card,Completed
8337,263,1188,2024-12-10,Delhi,Sedan,12.6,1099,UPI,Cancelled
8338,281,1454,2024-11-01,Hyderabad,SUV,11.3,601,Cash,Cancelled
8339,292,1431,2024-11-13,Hyderabad,SUV,2.8,1240,UPI,Completed
8340,244,1377,2024-02-23,Mumbai,Mini,1.7,519,Card,Completed
8341,268,1361,2024-07-17,Bangalore,Sedan,18.4,833,Card,Cancelled
8342,314,1395,2024-07-22,Pune,Mini,15.7,858,Card,Completed
8343,350,1107,2024-06-20,Mumbai,SUV,25.2,1017,Card,Cancelled
8344,335,1310,2024-07-09,Hyderabad,Sedan,29.0,661,Card,Completed
8345,242,1337,2024-10-17,Bangalore,SUV,9.0,1370,Cash,Cancelled
8346,231,1375,2024-01-14,Delhi,Sedan,4.7,785,Card,Completed
8347,294,1092,2024-04-08,Pune,Sedan,8.1,1046,Cash,Completed
8348,315,1475,2024-08-31,Pune,Sedan,20.7,817,Card,Completed
8349,214,1485,2024-10-23,Pune,Sedan,22.2,468,UPI,Cancelled
8350,376,1274,2024-09-16,Bangalore,Sedan,2.6,1065,Cash,Cancelled
8351,373,1442,2024-02-28,Mumbai,Mini,5.2,1379,Card,Completed
8352,311,1238,2024-02-20,Pune,Mini,4.0,412,Cash,Completed
8353,335,1177,2024-03-05,Mumbai,Sedan,16.6,762,Card,Cancelled
8354,294,1331,2024-09-19,Bangalore,SUV,18.0,283,UPI,Completed
8355,280,1329,2024-06-15,Pune,SUV,3.6,1379,Cash,Cancelled
8356,346,1257,2024-02-26,Hyderabad,SUV,28.9,1466,Cash,Cancelled
8357,340,1184,2024-06-27,Mumbai,SUV,25.4,270,Cash,Completed
8358,224,1338,2024-08-26,Hyderabad,Sedan,5.9,1249,UPI,Completed
8359,226,1032,2024-09-07,Delhi,Mini,25.3,911,UPI,Cancelled
8360,303,1418,2024-05-02,Mumbai,Mini,23.0,518,Cash,Cancelled
8361,395,1276,2024-07-21,Pune,Mini,25.9,173,Card,Cancelled
8362,248,1306,2024-01-11,Mumbai,Mini,4.5,519,Card,Cancelled
8363,357,1302,2024-04-18,Pune,Sedan,10.5,835,Cash,Cancelled
8364,338,1248,2024-09-25,Mumbai,Mini,23.1,1428,Card,Cancelled
8365,201,1411,2024-09-29,Mumbai,SUV,1.3,551,Cash,Completed
8366,345,1108,2024-12-01,Hyderabad,Mini,24.9,370,Cash,Cancelled
8367,387,1416,2024-07-09,Delhi,Mini,10.1,613,UPI,Completed
8368,292,1442,2024-08-21,Mumbai,Mini,13.8,441,Card,Completed
8369,238,1375,2024-12-17,Pune,Mini,19.8,267,Card,Cancelled
8370,306,1082,2024-01-23,Delhi,SUV,9.6,993,Cash,Completed
8371,357,1213,2024-12-24,Hyderabad,Mini,8.3,637,UPI,Cancelled
8372,232,1120,2024-07-14,Bangalore,Mini,1.4,1144,Card,Completed
8373,390,1218,2024-03-01,Delhi,SUV,24.4,1167,Cash,Completed
8374,322,1056,2024-05-23,Hyderabad,Mini,18.8,497,Cash,Cancelled
8375,335,1208,2024-01-15,Delhi,Sedan,23.1,221,Cash,Cancelled
8376,377,1075,2024-05-02,Pune,Mini,14.4,780,Card,Cancelled
8377,328,1249,2024-11-17,Pune,SUV,16.6,1482,UPI,Cancelled
8378,289,1311,2024-03-18,Mumbai,SUV,21.4,1271,Card,Completed
8379,388,1472,2024-07-16,Bangalore,Sedan,9.8,638,Cash,Completed
8380,286,1052,2024-04-22,Mumbai,SUV,24.0,371,Card,Completed
8381,272,1427,2024-08-30,Pune,Sedan,29.4,646,Cash,Cancelled
8382,236,1036,2024-08-01,Mumbai,Mini,18.0,567,Card,Cancelled
8383,274,1308,2024-07-21,Delhi,Mini,8.2,523,UPI,Cancelled
8384,276,1388,2024-11-05,Delhi,SUV,4.7,901,Card,Cancelled
8385,231,1282,2024-03-28,Hyderabad,SUV,21.5,195,Cash,Completed
8386,357,1262,2024-02-24,Hyderabad,SUV,5.1,475,Cash,Cancelled
8387,226,1221,2024-04-14,Mumbai,Sedan,23.7,563,UPI,Cancelled
8388,211,1126,2024-07-03,Delhi,SUV,22.8,1241,Cash,Completed
8389,310,1404,2024-01-07,Mumbai,Sedan,3.1,279,Cash,Completed
8390,323,1264,2024-07-27,Pune,Mini,28.3,643,Card,Completed
8391,357,1168,2024-09-13,Hyderabad,Mini,5.2,759,Card,Cancelled
8392,269,1086,2024-11-09,Hyderabad,SUV,21.8,848,Card,Cancelled
8393,259,1169,2024-05-10,Bangalore,Mini,14.8,708,UPI,Completed
8394,206,1312,2024-03-01,Bangalore,Mini,23.1,1102,UPI,Completed
8395,391,1114,2024-02-05,Hyderabad,Sedan,3.0,1395,UPI,Cancelled
8396,299,1270,2024-11-16,Delhi,SUV,22.3,1237,Cash,Completed
8397,351,1212,2024-11-17,Hyderabad,SUV,29.1,1141,Cash,Cancelled
8398,303,1450,2024-12-29,Delhi,Sedan,5.8,1029,Cash,Completed
8399,247,1182,2024-08-27,Hyderabad,Mini,4.4,1410,Cash,Cancelled
8400,250,1329,2024-02-27,Bangalore,Sedan,24.5,742,Card,Cancelled
8401,367,1485,2024-01-11,Mumbai,Mini,20.1,317,Card,Cancelled
8402,343,1325,2024-04-22,Pune,Sedan,7.5,318,UPI,Completed
8403,338,1361,2024-09-25,Hyderabad,Sedan,2.0,921,UPI,Cancelled
8404,284,1457,2024-04-14,Mumbai,Mini,26.7,1111,UPI,Completed
8405,346,1161,2024-11-28,Mumbai,Mini,9.7,502,UPI,Completed
8406,205,1413,2024-04-10,Delhi,Sedan,24.3,1407,Card,Completed
8407,383,1491,2024-02-23,Hyderabad,SUV,28.4,1468,UPI,Completed
8408,336,1016,2024-03-02,Pune,SUV,29.1,1314,Card,Completed
8409,278,1149,2024-09-06,Pune,Mini,8.3,563,Card,Cancelled
8410,283,1358,2024-10-16,Pune,Mini,3.0,1261,UPI,Cancelled
8411,328,1487,2024-08-14,Pune,Mini,10.0,249,Card,Cancelled
8412,317,1352,2024-12-09,Pune,Mini,29.9,1121,Cash,Completed
8413,207,1120,2024-05-31,Hyderabad,Mini,24.7,627,Cash,Completed
8414,354,1333,2024-02-23,Bangalore,Sedan,24.7,665,UPI,Cancelled
8415,322,1149,2024-03-31,Mumbai,Mini,9.5,628,Card,Completed
8416,244,1061,2024-02-25,Mumbai,Mini,29.9,1265,Cash,Completed
8417,280,1225,2024-09-19,Pune,SUV,19.7,1219,UPI,Cancelled
8418,232,1300,2024-05-12,Bangalore,SUV,7.4,1126,UPI,Cancelled
8419,392,1447,2024-11-03,Hyderabad,Sedan,19.6,411,UPI,Completed
8420,233,1353,2024-02-25,Bangalore,SUV,7.0,281,Card,Completed
8421,311,1439,2024-12-15,Bangalore,Sedan,6.2,1444,UPI,Cancelled
8422,202,1210,2024-04-04,Hyderabad,Mini,22.9,1043,Card,Completed
8423,393,1164,2024-12-17,Hyderabad,Sedan,14.6,959,Card,Completed
8424,307,1333,2024-05-02,Hyderabad,Sedan,12.1,1108,UPI,Cancelled
8425,350,1438,2024-05-20,Hyderabad,SUV,27.0,244,Card,Cancelled
8426,331,1007,2024-07-27,Mumbai,Sedan,6.2,277,Card,Cancelled
8427,247,1195,2024-08-09,Hyderabad,Sedan,8.4,966,UPI,Cancelled
8428,200,1341,2024-06-14,Bangalore,Sedan,9.8,631,UPI,Completed
8429,287,1499,2024-11-24,Hyderabad,SUV,19.5,1223,UPI,Cancelled
8430,224,1377,2024-10-26,Mumbai,Mini,17.4,722,Card,Cancelled
8431,268,1431,2024-09-18,Mumbai,Mini,12.5,628,Cash,Completed
8432,307,1122,2024-09-15,Hyderabad,Sedan,17.4,163,Card,Completed
8433,397,1101,2024-04-14,Pune,Mini,22.5,874,UPI,Cancelled
8434,358,1130,2024-04-03,Mumbai,Sedan,9.5,1403,Cash,Cancelled
8435,285,1404,2024-12-02,Bangalore,Mini,18.4,397,Cash,Cancelled
8436,379,1105,2024-06-18,Hyderabad,Mini,15.3,126,Cash,Completed
8437,269,1227,2024-12-08,Pune,SUV,14.0,796,Cash,Cancelled
8438,264,1492,2024-06-28,Bangalore,Mini,3.1,1392,Card,Completed
8439,334,1447,2024-10-19,Bangalore,SUV,27.9,193,UPI,Completed
8440,375,1055,2024-11-14,Bangalore,SUV,24.7,872,UPI,Completed
8441,390,1328,2024-03-10,Bangalore,Sedan,24.5,807,Cash,Completed
8442,341,1281,2024-05-30,Hyderabad,Sedan,10.1,1254,Cash,Cancelled
8443,322,1485,2024-12-05,Pune,Sedan,26.6,816,Card,Cancelled
8444,354,1162,2024-09-18,Delhi,Mini,27.2,1189,UPI,Cancelled
8445,301,1287,2024-08-29,Pune,SUV,14.9,606,UPI,Completed
8446,209,1268,2024-10-25,Mumbai,Mini,17.1,878,Card,Cancelled
8447,284,1477,2024-05-01,Mumbai,Mini,19.9,1440,UPI,Cancelled
8448,247,1368,2024-09-16,Hyderabad,SUV,22.6,1015,UPI,Completed
8449,202,1463,2024-02-03,Bangalore,SUV,23.1,1312,UPI,Cancelled
8450,215,1238,2024-11-08,Pune,Sedan,16.1,1331,UPI,Cancelled
8451,251,1149,2024-02-07,Delhi,Sedan,6.3,273,UPI,Cancelled
8452,371,1180,2024-03-18,Hyderabad,SUV,2.8,1211,Card,Completed
8453,281,1128,2024-10-18,Mumbai,Sedan,23.2,1270,Card,Completed
8454,305,1453,2024-10-07,Bangalore,SUV,1.4,893,Card,Completed
8455,241,1101,2024-12-24,Pune,Mini,3.3,945,UPI,Completed
8456,245,1229,2024-03-05,Hyderabad,SUV,11.4,1153,UPI,Completed
8457,274,1004,2024-11-12,Pune,Mini,11.6,976,UPI,Completed
8458,215,1223,2024-10-04,Delhi,SUV,18.4,281,Cash,Completed
8459,327,1347,2024-06-05,Mumbai,SUV,9.9,987,UPI,Completed
8460,202,1124,2024-07-19,Delhi,Sedan,24.9,843,Cash,Cancelled
8461,364,1419,2024-03-24,Delhi,SUV,12.6,1018,UPI,Cancelled
8462,315,1070,2024-02-04,Hyderabad,SUV,5.4,941,Cash,Completed
8463,240,1144,2024-11-24,Delhi,Mini,20.9,1161,Cash,Completed
8464,203,1248,2024-09-09,Delhi,Mini,17.6,1173,Card,Completed
8465,352,1459,2024-05-30,Pune,Sedan,7.9,1409,Card,Completed
8466,343,1478,2024-10-22,Pune,Sedan,13.5,830,UPI,Cancelled
8467,224,1239,2024-11-13,Mumbai,Mini,20.2,672,Card,Completed
8468,248,1010,2024-04-03,Pune,Mini,17.4,519,UPI,Completed
8469,221,1193,2024-07-27,Mumbai,SUV,13.9,436,Card,Cancelled
8470,308,1167,2024-01-18,Bangalore,SUV,21.8,441,UPI,Completed
8471,258,1348,2024-10-10,Delhi,SUV,18.8,289,Cash,Completed
8472,250,1365,2024-10-06,Bangalore,Mini,13.3,831,Card,Completed
8473,337,1079,2024-10-08,Pune,Sedan,16.3,647,UPI,Completed
8474,205,1206,2024-03-26,Hyderabad,Mini,7.1,1073,Card,Completed
8475,222,1027,2024-10-25,Delhi,Sedan,15.9,931,Cash,Completed
8476,229,1020,2024-06-30,Delhi,Sedan,12.0,491,Card,Cancelled
8477,210,1113,2024-10-10,Pune,Mini,14.9,222,UPI,Cancelled
8478,266,1042,2024-09-08,Pune,Mini,17.0,1469,Cash,Cancelled
8479,332,1071,2024-03-24,Mumbai,Sedan,3.9,295,Card,Completed
8480,298,1453,2024-12-11,Bangalore,Sedan,18.2,452,Cash,Completed
8481,225,1488,2024-11-27,Pune,SUV,9.4,1468,UPI,Completed
8482,206,1154,2024-08-19,Delhi,Mini,3.9,1028,Card,Cancelled
8483,260,1209,2024-03-18,Mumbai,Mini,14.7,317,UPI,Completed
8484,299,1152,2024-11-27,Mumbai,Sedan,3.9,977,Cash,Completed
8485,368,1005,2024-10-14,Hyderabad,Sedan,11.5,621,UPI,Cancelled
8486,358,1027,2024-03-14,Bangalore,Sedan,12.2,624,Card,Cancelled
8487,341,1082,2024-05-21,Delhi,Sedan,6.1,1042,Card,Completed
8488,248,1034,2024-09-30,Bangalore,Mini,7.5,870,Card,Completed
8489,275,1397,2024-09-26,Delhi,Mini,28.8,1148,Card,Completed
8490,247,1345,2024-01-28,Delhi,Mini,11.6,822,UPI,Cancelled
8491,307,1414,2024-04-04,Pune,Mini,2.1,646,Cash,Cancelled
8492,246,1197,2024-01-24,Hyderabad,Sedan,19.8,777,UPI,Cancelled
8493,314,1284,2024-02-11,Pune,Sedan,26.6,1008,Card,Cancelled
8494,259,1326,2024-10-19,Pune,SUV,23.5,609,Cash,Completed
8495,399,1438,2024-06-08,Pune,Mini,24.1,812,UPI,Completed
8496,270,1039,2024-07-02,Pune,Mini,29.9,241,Card,Cancelled
8497,386,1440,2024-05-26,Hyderabad,Mini,10.3,1178,Cash,Cancelled
8498,225,1062,2024-11-25,Pune,Mini,27.7,702,Cash,Cancelled
8499,288,1220,2024-10-14,Mumbai,Sedan,23.0,921,Card,Cancelled
8500,282,1321,2024-12-18,Hyderabad,SUV,15.4,255,UPI,Cancelled
8501,335,1286,2024-03-31,Pune,Mini,19.7,1095,Cash,Cancelled
8502,231,1393,2024-06-17,Delhi,Mini,22.3,1368,UPI,Completed
8503,229,1484,2024-09-03,Mumbai,SUV,24.5,1098,UPI,Completed
8504,269,1195,2024-08-03,Hyderabad,SUV,1.4,601,Cash,Cancelled
8505,246,1130,2024-03-23,Bangalore,Mini,26.9,915,UPI,Cancelled
8506,361,1491,2024-08-08,Hyderabad,SUV,20.8,443,UPI,Completed
8507,205,1192,2024-03-30,Mumbai,SUV,1.7,362,Card,Cancelled
8508,377,1382,2024-01-18,Mumbai,Mini,20.7,523,UPI,Cancelled
8509,298,1368,2024-08-22,Bangalore,Mini,9.9,869,Card,Completed
8510,327,1031,2024-11-23,Delhi,Sedan,9.9,1322,UPI,Cancelled
8511,234,1429,2024-05-28,Delhi,SUV,3.8,1438,UPI,Cancelled
8512,372,1498,2024-02-19,Mumbai,Sedan,5.5,181,Cash,Cancelled
8513,208,1419,2024-11-08,Delhi,Mini,9.5,1239,Card,Cancelled
8514,300,1242,2024-03-30,Delhi,Mini,3.9,503,Cash,Completed
8515,389,1008,2024-01-10,Hyderabad,SUV,29.6,539,Card,Completed
8516,317,1225,2024-10-10,Mumbai,SUV,28.5,199,Card,Cancelled
8517,385,1263,2024-08-11,Hyderabad,Mini,20.8,1079,UPI,Cancelled
8518,375,1231,2024-11-02,Mumbai,Mini,29.4,554,Cash,Completed
8519,379,1442,2024-09-07,Delhi,Sedan,6.4,413,UPI,Completed
8520,305,1343,2024-03-24,Pune,SUV,7.9,1083,UPI,Completed
8521,253,1269,2024-01-08,Delhi,SUV,6.7,853,Cash,Completed
8522,316,1372,2024-02-10,Pune,Mini,26.7,771,UPI,Cancelled
8523,291,1204,2024-10-11,Pune,Sedan,29.7,472,UPI,Cancelled
8524,208,1359,2024-09-16,Mumbai,SUV,6.8,376,UPI,Completed
8525,252,1038,2024-04-21,Mumbai,Sedan,14.3,314,Card,Cancelled
8526,209,1271,2024-05-10,Delhi,Sedan,1.5,1065,Card,Cancelled
8527,231,1403,2024-02-26,Hyderabad,Sedan,14.9,209,Card,Cancelled
8528,333,1442,2024-08-22,Mumbai,SUV,22.1,184,UPI,Completed
8529,220,1135,2024-06-13,Hyderabad,Mini,12.3,1320,Cash,Cancelled
8530,256,1083,2024-09-03,Pune,Sedan,1.9,835,UPI,Cancelled
8531,294,1149,2024-08-17,Hyderabad,Sedan,6.4,564,Cash,Cancelled
8532,302,1446,2024-04-14,Bangalore,Mini,19.7,1120,Cash,Cancelled
8533,396,1117,2024-11-27,Pune,SUV,19.2,1478,Card,Completed
8534,365,1421,2024-12-03,Hyderabad,SUV,25.4,1399,Card,Cancelled
8535,361,1300,2024-08-06,Pune,Sedan,13.7,1405,Card,Completed
8536,297,1424,2024-01-15,Delhi,Mini,26.8,1168,Cash,Completed
8537,337,1149,2024-06-20,Delhi,SUV,13.2,1058,Cash,Cancelled
8538,318,1310,2024-08-09,Mumbai,SUV,2.2,358,Cash,Completed
8539,260,1135,2024-07-10,Delhi,Mini,9.3,417,Card,Cancelled
8540,358,1095,2024-04-16,Hyderabad,Mini,9.9,109,Card,Completed
8541,305,1459,2024-01-27,Hyderabad,Sedan,27.5,794,Cash,Completed
8542,210,1262,2024-08-22,Pune,Mini,9.6,199,Card,Cancelled
8543,224,1151,2024-04-03,Hyderabad,Mini,25.9,503,Cash,Completed
8544,327,1429,2024-11-18,Delhi,Mini,28.3,1001,Cash,Completed
8545,376,1274,2024-03-07,Hyderabad,Mini,23.4,271,Card,Cancelled
8546,285,1491,2024-03-05,Mumbai,Mini,14.9,196,UPI,Cancelled
8547,243,1499,2024-04-14,Pune,Mini,1.5,183,UPI,Cancelled
8548,355,1400,2024-09-25,Pune,Sedan,7.5,1014,UPI,Cancelled
8549,237,1283,2024-07-07,Mumbai,Sedan,1.7,969,Card,Cancelled
8550,353,1177,2024-03-11,Bangalore,Mini,4.2,1311,Cash,Completed
8551,317,1245,2024-03-15,Hyderabad,Mini,12.4,509,Card,Cancelled
8552,286,1351,2024-06-29,Mumbai,SUV,29.8,829,UPI,Cancelled
8553,381,1115,2024-02-26,Pune,Sedan,24.6,1319,Cash,Cancelled
8554,233,1386,2024-03-08,Mumbai,Sedan,7.1,588,UPI,Completed
8555,240,1391,2024-08-14,Mumbai,SUV,28.3,474,UPI,Cancelled
8556,285,1277,2024-08-21,Delhi,Sedan,11.4,963,UPI,Completed
8557,372,1361,2024-07-22,Pune,Sedan,23.2,190,Cash,Completed
8558,379,1153,2024-09-13,Mumbai,Mini,23.6,622,Card,Cancelled
8559,217,1351,2024-05-19,Hyderabad,Sedan,7.2,624,Card,Completed
8560,324,1460,2024-05-21,Delhi,Mini,2.7,258,Card,Completed
8561,286,1421,2024-05-27,Mumbai,SUV,25.7,1136,UPI,Cancelled
8562,214,1197,2024-11-02,Pune,Sedan,6.7,135,UPI,Cancelled
8563,363,1450,2024-01-27,Bangalore,Sedan,13.1,791,Card,Completed
8564,300,1047,2024-12-30,Bangalore,Mini,1.8,1299,Card,Completed
8565,259,1095,2024-05-12,Hyderabad,Sedan,15.7,664,UPI,Cancelled
8566,388,1064,2024-04-20,Delhi,Mini,12.5,463,Card,Completed
8567,276,1396,2024-08-25,Pune,Sedan,25.4,112,Card,Cancelled
8568,359,1230,2024-10-20,Mumbai,Sedan,24.7,316,Card,Cancelled
8569,274,1324,2024-10-29,Mumbai,SUV,22.9,712,Cash,Cancelled
8570,223,1145,2024-08-31,Delhi,Mini,20.7,1392,UPI,Cancelled
8571,308,1363,2024-05-29,Hyderabad,Sedan,29.8,392,Card,Completed
8572,241,1346,2024-09-23,Mumbai,Mini,26.0,927,Card,Completed
8573,333,1174,2024-03-02,Delhi,Mini,1.5,1000,Card,Completed
8574,235,1117,2024-06-29,Bangalore,Sedan,16.0,552,Card,Cancelled
8575,375,1027,2024-09-16,Bangalore,SUV,20.4,1414,UPI,Completed
8576,357,1481,2024-04-01,Mumbai,Sedan,21.4,165,Cash,Completed
8577,228,1388,2024-12-20,Hyderabad,Sedan,14.4,1479,Cash,Completed
8578,275,1484,2024-06-15,Hyderabad,Mini,17.7,1009,Cash,Cancelled
8579,232,1493,2024-12-08,Bangalore,Mini,10.8,1095,Card,Cancelled
8580,359,1176,2024-08-05,Delhi,SUV,22.8,778,UPI,Completed
8581,258,1091,2024-10-14,Delhi,Mini,24.7,1121,Card,Cancelled
8582,233,1129,2024-08-04,Mumbai,Mini,27.4,610,Cash,Cancelled
8583,227,1144,2024-09-16,Delhi,SUV,5.8,625,Cash,Completed
8584,321,1261,2024-03-11,Delhi,Sedan,17.0,502,Cash,Cancelled
8585,267,1404,2024-11-23,Mumbai,Mini,29.7,773,Card,Cancelled
8586,309,1256,2024-12-23,Delhi,SUV,25.7,183,UPI,Cancelled
8587,257,1355,2024-02-29,Mumbai,SUV,26.7,438,Card,Completed
8588,313,1255,2024-06-15,Delhi,Mini,22.8,486,Card,Completed
8589,292,1340,2024-09-20,Bangalore,Mini,12.0,1443,Card,Completed
8590,337,1418,2024-06-27,Bangalore,Mini,16.1,1115,UPI,Completed
8591,306,1027,2024-05-09,Bangalore,SUV,9.9,645,Card,Completed
8592,279,1073,2024-04-11,Hyderabad,Sedan,11.1,1190,UPI,Completed
8593,306,1003,2024-01-15,Pune,SUV,15.8,392,UPI,Cancelled
8594,316,1202,2024-04-19,Hyderabad,Sedan,23.9,392,UPI,Cancelled
8595,387,1493,2024-09-24,Hyderabad,Sedan,27.3,194,Card,Completed
8596,313,1198,2024-06-14,Mumbai,Mini,26.3,641,UPI,Completed
8597,353,1045,2024-09-21,Delhi,Mini,7.2,588,UPI,Completed
8598,240,1159,2024-07-09,Pune,Mini,8.0,293,UPI,Cancelled
8599,207,1419,2024-03-12,Hyderabad,Sedan,3.4,981,Card,Completed
8600,350,1082,2024-05-02,Delhi,Mini,15.5,1094,Cash,Cancelled
8601,296,1173,2024-03-16,Bangalore,Mini,7.2,375,Cash,Cancelled
8602,266,1058,2024-02-19,Pune,Sedan,29.4,1430,Cash,Completed
8603,339,1100,2024-10-13,Bangalore,Sedan,2.9,1452,Cash,Completed
8604,369,1198,2024-10-22,Mumbai,Mini,6.7,960,Cash,Completed
8605,359,1230,2024-06-20,Hyderabad,Mini,24.0,775,Cash,Completed
8606,206,1070,2024-12-29,Delhi,Sedan,28.2,914,UPI,Completed
8607,282,1022,2024-07-02,Delhi,SUV,5.0,826,Card,Completed
8608,225,1151,2024-11-24,Bangalore,Mini,5.6,990,Card,Completed
8609,339,1397,2024-05-16,Bangalore,Mini,5.9,1180,Card,Cancelled
8610,379,1198,2024-08-16,Pune,SUV,24.5,394,Cash,Completed
8611,289,1090,2024-03-23,Bangalore,SUV,18.0,144,UPI,Cancelled
8612,250,1354,2024-06-22,Bangalore,SUV,21.1,1173,UPI,Completed
8613,250,1308,2024-10-30,Delhi,Mini,22.4,1458,Cash,Completed
8614,308,1438,2024-08-25,Mumbai,Mini,22.1,477,Cash,Completed
8615,213,1002,2024-05-18,Mumbai,SUV,21.5,477,Cash,Cancelled
8616,386,1087,2024-04-18,Bangalore,Sedan,13.4,949,Card,Completed
8617,263,1475,2024-12-19,Mumbai,Sedan,28.8,1179,Cash,Completed
8618,333,1392,2024-03-02,Bangalore,Sedan,19.7,172,Cash,Cancelled
8619,350,1354,2024-07-01,Delhi,SUV,28.9,1225,UPI,Completed
8620,368,1209,2024-03-14,Delhi,Sedan,17.4,1243,UPI,Completed
8621,363,1114,2024-09-13,Bangalore,Mini,23.8,1301,Cash,Cancelled
8622,243,1075,2024-11-11,Hyderabad,SUV,2.7,788,Cash,Cancelled
8623,255,1446,2024-02-18,Delhi,Mini,15.7,880,UPI,Completed
8624,329,1072,2024-10-10,Mumbai,Mini,17.6,479,UPI,Completed
8625,373,1441,2024-01-27,Mumbai,SUV,1.6,342,UPI,Completed
8626,391,1208,2024-11-15,Bangalore,SUV,11.2,946,Card,Cancelled
8627,392,1177,2024-12-20,Mumbai,Sedan,23.4,132,Card,Completed
8628,354,1160,2024-04-10,Pune,Sedan,16.4,344,Card,Cancelled
8629,368,1261,2024-12-08,Mumbai,Sedan,16.7,636,Cash,Cancelled
8630,285,1356,2024-06-27,Delhi,SUV,17.4,314,Cash,Cancelled
8631,381,1026,2024-10-18,Hyderabad,SUV,21.7,1487,Card,Cancelled
8632,346,1184,2024-03-20,Delhi,Sedan,3.1,1041,Cash,Completed
8633,280,1063,2024-01-25,Pune,Mini,27.3,1292,UPI,Cancelled
8634,255,1074,2024-07-16,Mumbai,Sedan,11.8,694,Card,Completed
8635,332,1219,2024-03-11,Hyderabad,SUV,9.5,506,Cash,Cancelled
8636,283,1064,2024-07-01,Hyderabad,SUV,19.6,956,UPI,Completed
8637,357,1064,2024-10-21,Bangalore,SUV,20.0,1268,Card,Completed
8638,220,1153,2024-08-18,Pune,Mini,18.8,1113,Cash,Completed
8639,255,1161,2024-10-19,Bangalore,Mini,1.9,150,Cash,Cancelled
8640,368,1310,2024-12-20,Delhi,SUV,28.6,827,Cash,Cancelled
8641,302,1078,2024-09-12,Bangalore,Sedan,19.1,1018,Card,Cancelled
8642,363,1399,2024-06-30,Mumbai,Mini,6.9,198,Cash,Cancelled
8643,239,1171,2024-01-02,Mumbai,Sedan,3.3,626,UPI,Completed
8644,213,1218,2024-03-18,Mumbai,SUV,10.2,317,UPI,Completed
8645,358,1018,2024-07-10,Hyderabad,Sedan,20.1,750,Cash,Completed
8646,218,1310,2024-02-01,Delhi,Sedan,25.9,386,Card,Cancelled
8647,237,1315,2024-07-02,Delhi,Mini,20.8,195,UPI,Completed
8648,206,1419,2024-12-23,Hyderabad,SUV,21.4,582,Card,Cancelled
8649,202,1401,2024-01-06,Pune,Mini,24.8,794,Card,Cancelled
8650,315,1430,2024-05-09,Delhi,SUV,27.1,428,UPI,Cancelled
8651,283,1492,2024-06-04,Bangalore,SUV,29.7,1450,UPI,Cancelled
8652,378,1215,2024-05-18,Bangalore,Mini,14.7,949,Card,Cancelled
8653,231,1427,2024-08-15,Bangalore,Sedan,3.1,687,Cash,Completed
8654,246,1483,2024-04-13,Delhi,Sedan,2.6,1009,Cash,Completed
8655,362,1397,2024-09-07,Pune,SUV,29.0,1368,UPI,Completed
8656,318,1391,2024-11-24,Pune,Sedan,26.5,445,UPI,Cancelled
8657,340,1193,2024-12-21,Pune,Mini,4.2,1156,Card,Cancelled
8658,341,1441,2024-10-27,Delhi,SUV,3.8,336,Card,Cancelled
8659,299,1200,2024-01-27,Hyderabad,Mini,6.2,1379,UPI,Completed
8660,343,1017,2024-06-26,Bangalore,SUV,17.2,786,UPI,Completed
8661,375,1134,2024-07-21,Bangalore,Mini,15.4,143,Card,Cancelled
8662,215,1477,2024-05-27,Hyderabad,SUV,18.1,490,Cash,Cancelled
8663,344,1458,2024-12-10,Bangalore,SUV,14.4,490,Cash,Cancelled
8664,291,1098,2024-02-01,Pune,Mini,15.2,1192,Card,Completed
8665,212,1346,2024-04-24,Delhi,Sedan,10.1,735,UPI,Cancelled
8666,368,1434,2024-03-01,Bangalore,Sedan,18.6,665,UPI,Completed
8667,361,1313,2024-04-29,Hyderabad,SUV,14.8,1193,UPI,Completed
8668,367,1475,2024-05-28,Mumbai,SUV,21.4,906,Cash,Completed
8669,325,1151,2024-10-26,Delhi,SUV,3.0,1494,UPI,Cancelled
8670,261,1134,2024-07-05,Bangalore,Mini,14.1,712,Cash,Completed
8671,334,1212,2024-08-01,Pune,Sedan,28.4,1176,Card,Completed
8672,213,1322,2024-06-11,Hyderabad,SUV,27.9,1471,UPI,Completed
8673,202,1352,2024-05-01,Bangalore,Mini,22.3,638,Cash,Completed
8674,208,1061,2024-01-09,Bangalore,SUV,1.9,1011,Cash,Cancelled
8675,351,1277,2024-11-18,Delhi,SUV,10.7,1395,Cash,Completed
8676,378,1193,2024-01-27,Mumbai,Mini,17.2,100,Cash,Cancelled
8677,283,1179,2024-06-03,Pune,Mini,2.5,1116,UPI,Completed
8678,296,1183,2024-03-03,Hyderabad,Mini,24.9,936,Card,Completed
8679,318,1173,2024-05-23,Hyderabad,Sedan,5.2,670,Cash,Completed
8680,328,1056,2024-11-16,Bangalore,Mini,16.8,367,UPI,Cancelled
8681,389,1296,2024-03-11,Delhi,Sedan,22.7,207,Cash,Cancelled
8682,370,1216,2024-06-25,Hyderabad,Mini,29.6,1253,UPI,Cancelled
8683,268,1160,2024-09-14,Mumbai,SUV,12.2,843,UPI,Completed
8684,212,1150,2024-07-22,Pune,Sedan,15.4,561,Cash,Completed
8685,342,1405,2024-11-06,Hyderabad,Sedan,15.2,662,Cash,Cancelled
8686,373,1279,2024-04-20,Pune,SUV,1.4,399,Card,Cancelled
8687,305,1320,2024-03-25,Delhi,Mini,11.2,162,Card,Completed
8688,312,1478,2024-09-22,Mumbai,Mini,14.2,1178,Card,Cancelled
8689,309,1043,2024-12-03,Hyderabad,Sedan,17.8,1016,Card,Cancelled
8690,385,1455,2024-03-20,Delhi,Mini,9.4,532,Cash,Cancelled
8691,284,1241,2024-12-05,Mumbai,Mini,2.4,599,Card,Completed
8692,283,1289,2024-10-26,Bangalore,Mini,21.4,753,Cash,Cancelled
8693,252,1453,2024-12-30,Mumbai,Sedan,19.1,1282,Cash,Cancelled
8694,220,1374,2024-07-05,Hyderabad,SUV,27.4,147,UPI,Cancelled
8695,360,1469,2024-07-14,Bangalore,SUV,18.6,956,UPI,Cancelled
8696,282,1248,2024-06-02,Hyderabad,Sedan,29.5,996,Cash,Completed
8697,348,1393,2024-04-25,Pune,Sedan,26.9,199,Card,Completed
8698,327,1216,2024-10-22,Delhi,SUV,8.4,1327,UPI,Completed
8699,238,1161,2024-07-25,Hyderabad,Sedan,11.3,160,Cash,Cancelled
8700,355,1113,2024-01-12,Bangalore,SUV,12.8,944,UPI,Cancelled
8701,286,1398,2024-11-06,Pune,SUV,4.5,268,Cash,Cancelled
8702,232,1253,2024-12-23,Hyderabad,Sedan,18.1,382,UPI,Cancelled
8703,370,1150,2024-10-06,Bangalore,Sedan,18.3,1162,Card,Cancelled
8704,210,1488,2024-12-06,Pune,SUV,21.7,1302,Card,Cancelled
8705,330,1448,2024-06-17,Delhi,Sedan,3.0,921,Card,Completed
8706,288,1149,2024-03-20,Bangalore,Sedan,15.9,192,Cash,Cancelled
8707,259,1355,2024-03-01,Pune,SUV,21.4,437,Card,Cancelled
8708,374,1432,2024-08-02,Mumbai,Mini,19.6,1031,Card,Cancelled
8709,233,1308,2024-04-03,Hyderabad,Sedan,21.3,1018,Card,Completed
8710,385,1417,2024-01-31,Pune,SUV,23.0,157,Card,Cancelled
8711,289,1081,2024-09-13,Delhi,Mini,23.8,657,Cash,Cancelled
8712,283,1130,2024-01-23,Hyderabad,Sedan,15.3,567,UPI,Completed
8713,257,1017,2024-01-15,Bangalore,Mini,5.2,1274,Card,Completed
8714,351,1475,2024-06-27,Pune,Mini,13.8,146,Cash,Completed
8715,301,1311,2024-08-14,Hyderabad,Sedan,12.8,469,UPI,Cancelled
8716,300,1079,2024-01-15,Delhi,Mini,12.2,337,Cash,Cancelled
8717,368,1268,2024-04-12,Delhi,Sedan,24.8,573,Card,Completed
8718,393,1260,2024-12-15,Delhi,SUV,7.7,344,Cash,Completed
8719,378,1464,2024-02-12,Bangalore,Sedan,29.3,950,Cash,Completed
8720,354,1048,2024-08-13,Hyderabad,Mini,10.5,283,Card,Cancelled
8721,338,1471,2024-05-20,Delhi,Sedan,12.9,466,UPI,Cancelled
8722,260,1316,2024-05-24,Hyderabad,Mini,25.2,963,Card,Completed
8723,208,1424,2024-05-26,Delhi,SUV,29.6,316,Cash,Cancelled
8724,228,1119,2024-03-27,Hyderabad,Mini,9.2,1102,Card,Cancelled
8725,376,1365,2024-09-24,Hyderabad,Sedan,5.4,1402,Card,Cancelled
8726,316,1211,2024-08-22,Delhi,Sedan,29.9,958,Card,Cancelled
8727,269,1277,2024-05-16,Mumbai,Mini,10.7,596,Card,Completed
8728,340,1248,2024-11-13,Mumbai,Mini,25.6,1468,UPI,Cancelled
8729,373,1440,2024-03-30,Bangalore,Mini,4.2,347,UPI,Completed
8730,336,1462,2024-10-18,Pune,Mini,6.6,1288,Card,Completed
8731,309,1406,2024-09-21,Bangalore,Mini,15.3,1363,UPI,Cancelled
8732,356,1229,2024-10-03,Hyderabad,Mini,17.8,907,Cash,Cancelled
8733,211,1223,2024-08-31,Mumbai,SUV,25.1,426,Card,Completed
8734,335,1450,2024-04-18,Hyderabad,Mini,14.4,842,UPI,Cancelled
8735,202,1232,2024-08-05,Delhi,Mini,14.3,1121,Card,Cancelled
8736,202,1050,2024-02-25,Hyderabad,SUV,10.0,1406,Card,Completed
8737,352,1133,2024-07-13,Mumbai,Sedan,11.2,676,Cash,Cancelled
8738,390,1099,2024-05-20,Mumbai,SUV,17.3,353,Cash,Cancelled
8739,376,1293,2024-04-14,Delhi,SUV,6.5,409,Cash,Cancelled
8740,367,1296,2024-07-29,Mumbai,SUV,1.1,1042,Cash,Cancelled
8741,263,1184,2024-10-10,Mumbai,Sedan,13.6,900,Card,Cancelled
8742,284,1227,2024-06-24,Hyderabad,SUV,7.4,601,Card,Completed
8743,224,1199,2024-02-04,Delhi,Sedan,19.3,1345,Cash,Cancelled
8744,300,1459,2024-02-15,Bangalore,SUV,21.2,882,UPI,Cancelled
8745,338,1037,2024-01-28,Delhi,Sedan,13.2,607,UPI,Cancelled
8746,344,1267,2024-10-07,Bangalore,Mini,24.8,1322,UPI,Cancelled
8747,368,1467,2024-01-21,Pune,Mini,14.1,1201,Cash,Cancelled
8748,337,1078,2024-04-02,Pune,Sedan,7.9,1102,UPI,Cancelled
8749,274,1485,2024-11-07,Delhi,Mini,18.9,678,Cash,Cancelled
8750,273,1485,2024-07-04,Bangalore,Mini,8.5,355,Card,Completed
8751,357,1435,2024-04-13,Bangalore,SUV,9.9,1254,UPI,Completed
8752,209,1108,2024-04-15,Hyderabad,Sedan,2.4,1373,Card,Cancelled
8753,297,1014,2024-09-20,Hyderabad,Sedan,11.3,888,Card,Cancelled
8754,223,1101,2024-11-27,Delhi,Sedan,14.4,1498,UPI,Completed
8755,301,1080,2024-03-25,Bangalore,Mini,10.9,1455,Card,Completed
8756,233,1387,2024-04-28,Delhi,Mini,5.7,1469,Cash,Cancelled
8757,329,1264,2024-07-10,Hyderabad,SUV,11.1,292,Card,Completed
8758,323,1495,2024-06-14,Delhi,SUV,3.3,1499,UPI,Cancelled
8759,366,1416,2024-07-18,Hyderabad,SUV,19.5,415,Cash,Completed
8760,261,1484,2024-12-19,Delhi,SUV,4.6,122,Cash,Cancelled
8761,351,1298,2024-08-21,Pune,Mini,2.0,802,Cash,Completed
8762,378,1007,2024-10-26,Pune,SUV,16.7,128,UPI,Completed
8763,204,1118,2024-01-03,Pune,Mini,5.9,516,UPI,Cancelled
8764,375,1437,2024-03-12,Bangalore,Sedan,13.7,566,Card,Completed
8765,394,1267,2024-11-23,Mumbai,Mini,27.2,497,Card,Completed
8766,313,1495,2024-05-20,Mumbai,Mini,10.2,472,Card,Completed
8767,355,1298,2024-02-17,Delhi,Mini,24.2,936,Cash,Completed
8768,283,1428,2024-08-13,Pune,SUV,4.9,291,UPI,Completed
8769,204,1117,2024-04-10,Pune,Sedan,9.8,878,UPI,Completed
8770,338,1440,2024-05-31,Hyderabad,Sedan,14.3,1170,Card,Cancelled
8771,320,1419,2024-05-20,Pune,Sedan,6.6,459,Cash,Cancelled
8772,307,1433,2024-06-18,Delhi,SUV,9.3,1145,Cash,Cancelled
8773,233,1210,2024-06-13,Bangalore,Mini,24.4,606,UPI,Completed
8774,214,1018,2024-01-15,Hyderabad,SUV,6.4,710,UPI,Completed
8775,292,1352,2024-09-02,Bangalore,SUV,23.3,1288,Cash,Completed
8776,388,1383,2024-10-29,Mumbai,Sedan,6.3,1480,UPI,Cancelled
8777,385,1264,2024-04-28,Hyderabad,Sedan,21.4,518,UPI,Completed
8778,218,1016,2024-12-19,Delhi,SUV,15.9,906,Cash,Completed
8779,203,1110,2024-11-23,Bangalore,Sedan,25.0,1301,Card,Cancelled
8780,343,1321,2024-10-08,Mumbai,Mini,2.4,828,Cash,Cancelled
8781,232,1332,2024-05-05,Delhi,Mini,17.6,650,UPI,Completed
8782,278,1270,2024-07-21,Bangalore,SUV,17.7,1033,Card,Cancelled
8783,327,1416,2024-12-23,Delhi,SUV,20.5,328,Card,Cancelled
8784,259,1347,2024-07-29,Hyderabad,Mini,26.8,169,Card,Completed
8785,225,1055,2024-01-05,Mumbai,SUV,23.5,181,Card,Cancelled
8786,304,1133,2024-01-07,Pune,SUV,8.7,1080,Card,Cancelled
8787,341,1062,2024-11-20,Delhi,SUV,8.5,1105,UPI,Cancelled
8788,219,1106,2024-07-14,Mumbai,Mini,4.8,967,UPI,Completed
8789,384,1490,2024-02-19,Hyderabad,Mini,3.7,804,Cash,Completed
8790,386,1043,2024-01-12,Bangalore,SUV,18.4,1429,Card,Cancelled
8791,288,1325,2024-12-19,Mumbai,SUV,8.9,1177,Cash,Cancelled
8792,270,1143,2024-06-17,Mumbai,Sedan,18.7,939,Cash,Completed
8793,371,1092,2024-05-17,Delhi,SUV,1.3,552,Cash,Completed
8794,291,1098,2024-02-25,Hyderabad,Sedan,1.7,1259,Card,Completed
8795,217,1089,2024-06-19,Pune,Mini,19.2,884,UPI,Cancelled
8796,250,1364,2024-07-15,Hyderabad,Sedan,14.2,1413,Card,Cancelled
8797,315,1217,2024-09-28,Delhi,SUV,2.7,193,UPI,Cancelled
8798,202,1256,2024-12-11,Bangalore,Sedan,12.1,428,Cash,Completed
8799,305,1275,2024-09-30,Hyderabad,Mini,17.5,1128,Card,Completed
8800,228,1160,2024-08-14,Pune,SUV,25.1,158,UPI,Completed
8801,307,1113,2024-07-31,Delhi,Mini,14.8,709,UPI,Completed
8802,315,1108,2024-06-25,Pune,Mini,10.4,1090,Cash,Completed
8803,296,1403,2024-02-05,Bangalore,Sedan,2.8,834,Cash,Completed
8804,318,1216,2024-12-03,Pune,Sedan,12.4,1010,UPI,Cancelled
8805,291,1296,2024-04-15,Pune,SUV,16.1,312,UPI,Cancelled
8806,378,1018,2024-09-28,Delhi,Sedan,28.0,1312,Cash,Completed
8807,354,1358,2024-07-02,Bangalore,Mini,2.5,1101,UPI,Cancelled
8808,291,1388,2024-09-09,Hyderabad,Sedan,28.5,1186,Cash,Completed
8809,352,1021,2024-12-06,Delhi,Sedan,9.8,668,UPI,Cancelled
8810,255,1458,2024-01-19,Hyderabad,Mini,25.3,1201,UPI,Completed
8811,320,1037,2024-09-09,Pune,Sedan,17.7,932,UPI,Completed
8812,367,1377,2024-07-07,Mumbai,Mini,9.9,751,Card,Cancelled
8813,276,1436,2024-01-23,Mumbai,SUV,11.8,518,Cash,Completed
8814,365,1428,2024-09-30,Pune,Sedan,8.0,171,Cash,Completed
8815,262,1093,2024-02-23,Mumbai,Sedan,9.1,146,Card,Cancelled
8816,287,1474,2024-02-20,Mumbai,Sedan,6.2,491,Cash,Completed
8817,270,1123,2024-04-10,Hyderabad,SUV,8.8,396,UPI,Completed
8818,341,1200,2024-04-19,Pune,Sedan,22.6,762,UPI,Completed
8819,257,1206,2024-11-11,Pune,Mini,26.3,207,Card,Completed
8820,241,1323,2024-11-22,Delhi,SUV,27.7,544,UPI,Completed
8821,390,1406,2024-09-10,Mumbai,Sedan,16.7,1064,Cash,Completed
8822,242,1166,2024-03-28,Hyderabad,Mini,23.3,345,Cash,Completed
8823,213,1276,2024-12-14,Mumbai,Sedan,7.5,410,Cash,Completed
8824,334,1375,2024-06-26,Bangalore,Mini,19.0,172,Card,Cancelled
8825,308,1267,2024-01-30,Delhi,Mini,12.7,1234,Card,Cancelled
8826,245,1343,2024-11-25,Delhi,Sedan,29.3,1183,UPI,Completed
8827,395,1343,2024-01-02,Delhi,Sedan,1.2,828,Card,Cancelled
8828,273,1390,2024-11-11,Mumbai,Sedan,18.6,492,Cash,Completed
8829,207,1226,2024-11-13,Hyderabad,SUV,20.2,1269,UPI,Cancelled
8830,272,1091,2024-02-16,Hyderabad,SUV,1.2,1476,Cash,Cancelled
8831,276,1163,2024-05-05,Hyderabad,Mini,29.3,272,UPI,Completed
8832,260,1022,2024-10-16,Hyderabad,SUV,22.9,1462,Cash,Cancelled
8833,314,1334,2024-03-08,Hyderabad,Sedan,11.1,307,Card,Completed
8834,391,1480,2024-10-22,Mumbai,Sedan,4.2,1148,Cash,Completed
8835,327,1404,2024-02-07,Pune,SUV,12.6,622,Card,Cancelled
8836,220,1397,2024-10-02,Delhi,Mini,16.1,108,Cash,Cancelled
8837,204,1389,2024-08-12,Hyderabad,Sedan,21.9,888,UPI,Completed
8838,394,1386,2024-12-26,Hyderabad,Sedan,5.0,1022,UPI,Cancelled
8839,327,1208,2024-05-03,Mumbai,SUV,11.6,916,Card,Completed
8840,259,1325,2024-07-15,Bangalore,Mini,24.0,175,Card,Cancelled
8841,359,1287,2024-09-02,Delhi,Sedan,9.6,1213,UPI,Cancelled
8842,252,1131,2024-03-26,Hyderabad,SUV,19.0,831,Card,Cancelled
8843,335,1006,2024-11-20,Pune,Sedan,25.6,1175,Card,Cancelled
8844,389,1096,2024-09-03,Pune,SUV,21.0,282,UPI,Cancelled
8845,219,1436,2024-09-19,Delhi,SUV,28.3,1424,UPI,Cancelled
8846,209,1090,2024-10-11,Delhi,SUV,1.9,894,UPI,Cancelled
8847,260,1243,2024-03-08,Hyderabad,Mini,25.2,281,Card,Completed
8848,338,1361,2024-01-28,Pune,Mini,21.5,1275,Card,Cancelled
8849,222,1453,2024-12-11,Mumbai,SUV,4.6,1249,Card,Cancelled
8850,358,1447,2024-11-01,Mumbai,SUV,24.3,453,Card,Completed
8851,297,1134,2024-09-25,Delhi,Sedan,24.1,579,Card,Cancelled
8852,249,1280,2024-07-26,Mumbai,Sedan,17.0,1415,Cash,Completed
8853,389,1417,2024-05-15,Bangalore,SUV,3.9,1113,Cash,Cancelled
8854,252,1106,2024-07-14,Delhi,Sedan,7.4,978,Card,Completed
8855,308,1379,2024-01-25,Mumbai,Sedan,22.7,676,Cash,Completed
8856,283,1487,2024-03-30,Hyderabad,SUV,29.3,835,Card,Completed
8857,349,1034,2024-02-18,Hyderabad,Mini,9.3,217,Cash,Completed
8858,280,1202,2024-06-30,Hyderabad,Mini,21.9,768,Card,Completed
8859,277,1490,2024-03-02,Hyderabad,Mini,12.3,793,Cash,Cancelled
8860,206,1325,2024-10-12,Hyderabad,Mini,26.9,855,UPI,Cancelled
8861,230,1368,2024-11-19,Mumbai,Sedan,11.6,134,Cash,Cancelled
8862,259,1227,2024-08-24,Bangalore,Mini,11.3,528,Card,Completed
8863,339,1008,2024-11-27,Bangalore,SUV,20.2,920,Card,Completed
8864,316,1145,2024-01-15,Mumbai,Mini,27.1,524,Card,Cancelled
8865,376,1412,2024-09-16,Bangalore,Sedan,18.9,1354,Cash,Cancelled
8866,214,1459,2024-01-21,Delhi,Sedan,2.5,879,Cash,Completed
8867,229,1497,2024-12-05,Hyderabad,Sedan,9.7,441,UPI,Completed
8868,316,1374,2024-09-28,Hyderabad,Mini,13.1,1302,Card,Completed
8869,348,1139,2024-01-17,Mumbai,Sedan,6.9,809,Card,Completed
8870,251,1408,2024-09-03,Mumbai,Sedan,11.0,165,Cash,Cancelled
8871,321,1213,2024-09-19,Bangalore,Mini,11.3,1366,UPI,Completed
8872,286,1264,2024-06-04,Mumbai,Sedan,13.6,1360,Card,Completed
8873,283,1318,2024-01-03,Bangalore,Mini,24.0,552,Card,Cancelled
8874,343,1345,2024-12-01,Pune,Mini,16.2,1088,UPI,Completed
8875,335,1323,2024-06-14,Bangalore,SUV,24.2,1373,Card,Cancelled
8876,240,1097,2024-02-10,Bangalore,Sedan,6.7,932,Card,Cancelled
8877,365,1377,2024-06-03,Mumbai,SUV,14.0,227,Cash,Completed
8878,240,1387,2024-07-20,Delhi,Mini,11.6,169,Cash,Cancelled
8879,392,1424,2024-09-19,Mumbai,SUV,8.4,166,UPI,Cancelled
8880,282,1144,2024-08-30,Delhi,Mini,1.1,1198,Card,Completed
8881,205,1323,2024-02-29,Mumbai,Mini,17.1,185,Cash,Completed
8882,231,1337,2024-05-19,Bangalore,Sedan,26.9,464,Cash,Completed
8883,248,1411,2024-03-28,Mumbai,SUV,21.1,786,Cash,Cancelled
8884,205,1098,2024-11-22,Bangalore,Sedan,16.7,1131,Card,Cancelled
8885,334,1248,2024-06-01,Mumbai,Sedan,6.8,545,Card,Cancelled
8886,294,1485,2024-02-18,Hyderabad,Mini,7.1,917,Card,Completed
8887,385,1349,2024-04-06,Mumbai,Sedan,29.2,850,Cash,Completed
8888,391,1086,2024-01-04,Delhi,SUV,6.3,487,Card,Completed
8889,391,1264,2024-07-17,Bangalore,Mini,20.3,909,Card,Cancelled
8890,226,1330,2024-11-15,Mumbai,Sedan,4.2,1194,Cash,Completed
8891,208,1165,2024-08-20,Mumbai,Mini,11.2,1295,Cash,Completed
8892,247,1303,2024-03-12,Mumbai,Sedan,14.7,142,Card,Cancelled
8893,261,1130,2024-01-14,Bangalore,Mini,22.0,607,UPI,Cancelled
8894,303,1191,2024-09-27,Bangalore,SUV,25.1,677,UPI,Cancelled
8895,321,1126,2024-08-01,Pune,SUV,7.2,1386,UPI,Cancelled
8896,375,1164,2024-10-22,Hyderabad,Sedan,5.9,1244,UPI,Completed
8897,363,1376,2024-09-08,Pune,Sedan,20.8,709,Cash,Completed
8898,252,1470,2024-02-28,Mumbai,Sedan,1.3,686,UPI,Cancelled
8899,232,1021,2024-09-03,Bangalore,SUV,10.5,1078,Card,Cancelled
8900,291,1419,2024-07-04,Pune,Mini,3.7,201,Card,Cancelled
8901,251,1079,2024-02-23,Bangalore,SUV,8.1,142,Card,Cancelled
8902,395,1227,2024-11-16,Bangalore,SUV,25.6,1263,UPI,Completed
8903,387,1138,2024-08-05,Delhi,Mini,22.3,499,Card,Cancelled
8904,283,1404,2024-01-08,Pune,SUV,20.2,106,Cash,Cancelled
8905,263,1256,2024-10-14,Hyderabad,Mini,8.9,570,UPI,Cancelled
8906,386,1009,2024-06-12,Pune,Sedan,18.7,117,UPI,Cancelled
8907,302,1347,2024-03-11,Hyderabad,Sedan,23.6,689,Card,Completed
8908,335,1208,2024-01-13,Bangalore,Sedan,9.8,443,Cash,Completed
8909,293,1162,2024-08-09,Bangalore,SUV,17.8,610,Card,Completed
8910,378,1130,2024-06-12,Mumbai,SUV,15.4,1355,UPI,Cancelled
8911,273,1159,2024-03-14,Hyderabad,Mini,26.1,520,Cash,Cancelled
8912,201,1277,2024-11-09,Hyderabad,Mini,2.8,1433,Cash,Cancelled
8913,251,1163,2024-06-22,Mumbai,SUV,9.7,1184,Cash,Completed
8914,361,1308,2024-10-27,Mumbai,Mini,17.8,1440,Cash,Cancelled
8915,247,1259,2024-07-02,Pune,Sedan,11.1,1049,Cash,Completed
8916,392,1216,2024-01-07,Hyderabad,Mini,25.0,1244,Cash,Cancelled
8917,340,1081,2024-07-26,Bangalore,SUV,22.9,940,UPI,Completed
8918,279,1076,2024-02-13,Pune,Sedan,28.3,1193,UPI,Cancelled
8919,314,1497,2024-03-23,Delhi,Mini,9.8,633,Cash,Completed
8920,255,1169,2024-05-30,Bangalore,Sedan,11.2,1121,Cash,Cancelled
8921,291,1325,2024-01-08,Delhi,Sedan,3.4,227,UPI,Cancelled
8922,211,1309,2024-10-27,Pune,SUV,2.5,1075,UPI,Completed
8923,364,1039,2024-10-17,Hyderabad,Mini,29.7,903,Card,Cancelled
8924,300,1101,2024-04-15,Delhi,Sedan,11.0,185,UPI,Cancelled
8925,338,1161,2024-05-11,Pune,SUV,29.5,1156,UPI,Completed
8926,386,1355,2024-01-03,Pune,Mini,21.0,987,UPI,Cancelled
8927,368,1040,2024-11-01,Delhi,Mini,4.6,1097,UPI,Cancelled
8928,363,1316,2024-03-25,Bangalore,Mini,21.4,353,Card,Cancelled
8929,359,1123,2024-11-08,Hyderabad,Sedan,3.1,1147,Card,Cancelled
8930,331,1150,2024-11-17,Pune,Sedan,2.1,696,Cash,Completed
8931,256,1015,2024-03-18,Mumbai,Sedan,4.9,875,UPI,Cancelled
8932,212,1291,2024-10-14,Mumbai,Mini,21.2,661,Cash,Completed
8933,252,1029,2024-06-19,Hyderabad,Sedan,12.2,1038,UPI,Completed
8934,389,1096,2024-07-23,Pune,Sedan,3.8,1171,UPI,Completed
8935,387,1383,2024-03-23,Mumbai,SUV,15.0,1479,Card,Cancelled
8936,212,1028,2024-02-23,Delhi,Sedan,28.1,648,Cash,Cancelled
8937,352,1295,2024-04-24,Pune,SUV,1.8,533,Cash,Cancelled
8938,358,1146,2024-06-26,Pune,Mini,5.9,477,UPI,Cancelled
8939,336,1159,2024-09-24,Bangalore,SUV,5.3,540,UPI,Cancelled
8940,314,1326,2024-12-17,Pune,Sedan,7.1,1373,UPI,Cancelled
8941,266,1251,2024-10-12,Bangalore,Mini,4.6,252,Cash,Cancelled
8942,284,1366,2024-05-11,Mumbai,SUV,24.7,894,Cash,Cancelled
8943,297,1119,2024-07-09,Mumbai,Mini,12.0,530,Cash,Completed
8944,278,1388,2024-01-10,Mumbai,Sedan,16.9,652,Card,Completed
8945,223,1256,2024-04-23,Mumbai,Sedan,14.2,324,Cash,Completed
8946,327,1445,2024-08-06,Delhi,Mini,9.8,1138,Cash,Cancelled
8947,252,1462,2024-01-21,Mumbai,Sedan,16.4,1006,Card,Cancelled
8948,364,1498,2024-08-02,Bangalore,Sedan,6.8,659,Cash,Completed
8949,283,1382,2024-02-20,Bangalore,Sedan,25.5,1004,Card,Completed
8950,361,1277,2024-12-25,Delhi,SUV,24.3,127,UPI,Completed
8951,339,1135,2024-08-14,Delhi,Mini,23.8,708,Cash,Cancelled
8952,254,1393,2024-06-12,Delhi,Sedan,6.8,181,UPI,Cancelled
8953,368,1418,2024-02-27,Bangalore,Mini,13.6,916,UPI,Completed
8954,365,1121,2024-11-06,Hyderabad,Sedan,25.5,302,UPI,Cancelled
8955,224,1168,2024-03-22,Delhi,Sedan,12.1,1157,UPI,Cancelled
8956,302,1333,2024-01-10,Hyderabad,Mini,4.5,262,Card,Completed
8957,210,1180,2024-06-23,Bangalore,Sedan,22.4,808,Card,Completed
8958,356,1194,2024-04-22,Delhi,SUV,1.0,800,UPI,Completed
8959,368,1205,2024-12-04,Hyderabad,SUV,20.3,140,Card,Cancelled
8960,304,1364,2024-06-21,Hyderabad,Sedan,8.8,1152,UPI,Cancelled
8961,384,1092,2024-02-08,Bangalore,Mini,9.7,781,Cash,Completed
8962,249,1470,2024-11-10,Pune,Sedan,20.6,1444,Cash,Cancelled
8963,251,1432,2024-10-22,Mumbai,Sedan,18.6,1463,Card,Completed
8964,239,1365,2024-04-11,Mumbai,Mini,24.5,903,Card,Completed
8965,379,1453,2024-11-29,Bangalore,SUV,22.5,1411,Card,Completed
8966,279,1442,2024-03-31,Pune,Sedan,23.5,737,Cash,Cancelled
8967,310,1038,2024-07-29,Hyderabad,Mini,3.3,918,Card,Completed
8968,378,1000,2024-05-14,Hyderabad,SUV,14.6,757,Cash,Completed
8969,324,1315,2024-07-12,Bangalore,Sedan,21.5,1097,Card,Cancelled
8970,264,1250,2024-04-06,Mumbai,Mini,8.2,1202,Card,Completed
8971,378,1316,2024-10-20,Hyderabad,Sedan,14.7,783,Cash,Cancelled
8972,351,1483,2024-02-04,Bangalore,SUV,4.7,1465,Card,Cancelled
8973,363,1105,2024-11-22,Hyderabad,SUV,3.7,264,UPI,Cancelled
8974,207,1209,2024-09-28,Delhi,SUV,13.1,226,UPI,Completed
8975,372,1281,2024-06-13,Bangalore,Sedan,27.7,301,Cash,Cancelled
8976,340,1033,2024-02-21,Bangalore,SUV,14.2,378,Card,Completed
8977,364,1130,2024-12-13,Pune,Sedan,8.0,1434,Cash,Cancelled
8978,355,1301,2024-11-04,Delhi,SUV,22.6,394,UPI,Cancelled
8979,217,1073,2024-11-20,Delhi,Mini,5.8,880,Card,Cancelled
8980,293,1478,2024-08-13,Delhi,SUV,11.6,684,Card,Completed
8981,284,1264,2024-04-04,Hyderabad,Mini,16.6,123,Cash,Completed
8982,207,1334,2024-06-01,Delhi,Mini,28.1,963,UPI,Completed
8983,317,1468,2024-09-18,Delhi,Mini,11.2,683,Cash,Completed
8984,368,1241,2024-05-09,Mumbai,Sedan,3.7,1000,UPI,Completed
8985,249,1472,2024-02-24,Pune,Sedan,21.6,512,Card,Cancelled
8986,321,1159,2024-03-03,Hyderabad,Sedan,20.6,338,Cash,Completed
8987,232,1295,2024-04-24,Mumbai,Sedan,25.6,564,Cash,Completed
8988,266,1394,2024-08-28,Delhi,Mini,23.5,463,Card,Completed
8989,393,1437,2024-01-11,Mumbai,Sedan,27.9,863,Cash,Completed
8990,222,1272,2024-10-10,Hyderabad,Mini,17.0,255,Cash,Cancelled
8991,373,1444,2024-01-28,Hyderabad,Mini,10.9,917,UPI,Cancelled
8992,282,1355,2024-09-29,Hyderabad,Mini,10.8,689,UPI,Cancelled
8993,383,1271,2024-07-07,Hyderabad,SUV,3.6,1138,Cash,Cancelled
8994,399,1033,2024-04-03,Mumbai,SUV,5.8,268,UPI,Cancelled
8995,208,1104,2024-12-01,Mumbai,Sedan,21.7,281,Cash,Cancelled
8996,322,1013,2024-12-02,Hyderabad,Sedan,11.3,1021,UPI,Cancelled
8997,243,1497,2024-02-10,Pune,Mini,6.1,606,UPI,Cancelled
8998,237,1420,2024-11-23,Mumbai,Sedan,16.3,414,UPI,Cancelled
8999,366,1187,2024-04-03,Bangalore,SUV,3.7,1279,UPI,Cancelled
9000,255,1087,2024-08-13,Bangalore,Mini,9.8,356,Card,Completed
